point_id,patch_label,patch_source,center_sigma,center_rho,center_beta,center_nucleus,sigma,rho,beta
P0001,B_CENTER_EMPIRICAL,empirical_mean_of_B,10.152396000000001,101.85130799999999,2.5628520000000004,GLOBAL,10.055696000000003,101.35130799999999,2.5057520000000006
P0002,B_CENTER_EMPIRICAL,empirical_mean_of_B,10.152396000000001,101.85130799999999,2.5628520000000004,GLOBAL,10.055696000000003,101.35130799999999,2.5343020000000003
P0003,B_CENTER_EMPIRICAL,empirical_mean_of_B,10.152396000000001,101.85130799999999,2.5628520000000004,GLOBAL,10.055696000000003,101.35130799999999,2.5628520000000004
P0004,B_CENTER_EMPIRICAL,empirical_mean_of_B,10.152396000000001,101.85130799999999,2.5628520000000004,GLOBAL,10.055696000000003,101.35130799999999,2.5914020000000004
P0005,B_CENTER_EMPIRICAL,empirical_mean_of_B,10.152396000000001,101.85130799999999,2.5628520000000004,GLOBAL,10.055696000000003,101.35130799999999,2.619952
P0006,B_CENTER_EMPIRICAL,empirical_mean_of_B,10.152396000000001,101.85130799999999,2.5628520000000004,GLOBAL,10.055696000000003,101.60130799999999,2.5057520000000006
P0007,B_CENTER_EMPIRICAL,empirical_mean_of_B,10.152396000000001,101.85130799999999,2.5628520000000004,GLOBAL,10.055696000000003,101.60130799999999,2.5343020000000003
P0008,B_CENTER_EMPIRICAL,empirical_mean_of_B,10.152396000000001,101.85130799999999,2.5628520000000004,GLOBAL,10.055696000000003,101.60130799999999,2.5628520000000004
P0009,B_CENTER_EMPIRICAL,empirical_mean_of_B,10.152396000000001,101.85130799999999,2.5628520000000004,GLOBAL,10.055696000000003,101.60130799999999,2.5914020000000004
P0010,B_CENTER_EMPIRICAL,empirical_mean_of_B,10.152396000000001,101.85130799999999,2.5628520000000004,GLOBAL,10.055696000000003,101.60130799999999,2.619952
P0011,B_CENTER_EMPIRICAL,empirical_mean_of_B,10.152396000000001,101.85130799999999,2.5628520000000004,GLOBAL,10.055696000000003,101.85130799999999,2.5057520000000006
P0012,B_CENTER_EMPIRICAL,empirical_mean_of_B,10.152396000000001,101.85130799999999,2.5628520000000004,GLOBAL,10.055696000000003,101.85130799999999,2.5343020000000003
P0013,B_CENTER_EMPIRICAL,empirical_mean_of_B,10.152396000000001,101.85130799999999,2.5628520000000004,GLOBAL,10.055696000000003,101.85130799999999,2.5628520000000004
P0014,B_CENTER_EMPIRICAL,empirical_mean_of_B,10.152396000000001,101.85130799999999,2.5628520000000004,GLOBAL,10.055696000000003,101.85130799999999,2.5914020000000004
P0015,B_CENTER_EMPIRICAL,empirical_mean_of_B,10.152396000000001,101.85130799999999,2.5628520000000004,GLOBAL,10.055696000000003,101.85130799999999,2.619952
P0016,B_CENTER_EMPIRICAL,empirical_mean_of_B,10.152396000000001,101.85130799999999,2.5628520000000004,GLOBAL,10.055696000000003,102.10130799999999,2.5057520000000006
P0017,B_CENTER_EMPIRICAL,empirical_mean_of_B,10.152396000000001,101.85130799999999,2.5628520000000004,GLOBAL,10.055696000000003,102.10130799999999,2.5343020000000003
P0018,B_CENTER_EMPIRICAL,empirical_mean_of_B,10.152396000000001,101.85130799999999,2.5628520000000004,GLOBAL,10.055696000000003,102.10130799999999,2.5628520000000004
P0019,B_CENTER_EMPIRICAL,empirical_mean_of_B,10.152396000000001,101.85130799999999,2.5628520000000004,GLOBAL,10.055696000000003,102.10130799999999,2.5914020000000004
P0020,B_CENTER_EMPIRICAL,empirical_mean_of_B,10.152396000000001,101.85130799999999,2.5628520000000004,GLOBAL,10.055696000000003,102.10130799999999,2.619952
P0021,B_CENTER_EMPIRICAL,empirical_mean_of_B,10.152396000000001,101.85130799999999,2.5628520000000004,GLOBAL,10.055696000000003,102.35130799999999,2.5057520000000006
P0022,B_CENTER_EMPIRICAL,empirical_mean_of_B,10.152396000000001,101.85130799999999,2.5628520000000004,GLOBAL,10.055696000000003,102.35130799999999,2.5343020000000003
P0023,B_CENTER_EMPIRICAL,empirical_mean_of_B,10.152396000000001,101.85130799999999,2.5628520000000004,GLOBAL,10.055696000000003,102.35130799999999,2.5628520000000004
P0024,B_CENTER_EMPIRICAL,empirical_mean_of_B,10.152396000000001,101.85130799999999,2.5628520000000004,GLOBAL,10.055696000000003,102.35130799999999,2.5914020000000004
P0025,B_CENTER_EMPIRICAL,empirical_mean_of_B,10.152396000000001,101.85130799999999,2.5628520000000004,GLOBAL,10.055696000000003,102.35130799999999,2.619952
P0026,B_CENTER_EMPIRICAL,empirical_mean_of_B,10.152396000000001,101.85130799999999,2.5628520000000004,GLOBAL,10.104046000000002,101.35130799999999,2.5057520000000006
P0027,B_CENTER_EMPIRICAL,empirical_mean_of_B,10.152396000000001,101.85130799999999,2.5628520000000004,GLOBAL,10.104046000000002,101.35130799999999,2.5343020000000003
P0028,B_CENTER_EMPIRICAL,empirical_mean_of_B,10.152396000000001,101.85130799999999,2.5628520000000004,GLOBAL,10.104046000000002,101.35130799999999,2.5628520000000004
P0029,B_CENTER_EMPIRICAL,empirical_mean_of_B,10.152396000000001,101.85130799999999,2.5628520000000004,GLOBAL,10.104046000000002,101.35130799999999,2.5914020000000004
P0030,B_CENTER_EMPIRICAL,empirical_mean_of_B,10.152396000000001,101.85130799999999,2.5628520000000004,GLOBAL,10.104046000000002,101.35130799999999,2.619952
P0031,B_CENTER_EMPIRICAL,empirical_mean_of_B,10.152396000000001,101.85130799999999,2.5628520000000004,GLOBAL,10.104046000000002,101.60130799999999,2.5057520000000006
P0032,B_CENTER_EMPIRICAL,empirical_mean_of_B,10.152396000000001,101.85130799999999,2.5628520000000004,GLOBAL,10.104046000000002,101.60130799999999,2.5343020000000003
P0033,B_CENTER_EMPIRICAL,empirical_mean_of_B,10.152396000000001,101.85130799999999,2.5628520000000004,GLOBAL,10.104046000000002,101.60130799999999,2.5628520000000004
P0034,B_CENTER_EMPIRICAL,empirical_mean_of_B,10.152396000000001,101.85130799999999,2.5628520000000004,GLOBAL,10.104046000000002,101.60130799999999,2.5914020000000004
P0035,B_CENTER_EMPIRICAL,empirical_mean_of_B,10.152396000000001,101.85130799999999,2.5628520000000004,GLOBAL,10.104046000000002,101.60130799999999,2.619952
P0036,B_CENTER_EMPIRICAL,empirical_mean_of_B,10.152396000000001,101.85130799999999,2.5628520000000004,GLOBAL,10.104046000000002,101.85130799999999,2.5057520000000006
P0037,B_CENTER_EMPIRICAL,empirical_mean_of_B,10.152396000000001,101.85130799999999,2.5628520000000004,GLOBAL,10.104046000000002,101.85130799999999,2.5343020000000003
P0038,B_CENTER_EMPIRICAL,empirical_mean_of_B,10.152396000000001,101.85130799999999,2.5628520000000004,GLOBAL,10.104046000000002,101.85130799999999,2.5628520000000004
P0039,B_CENTER_EMPIRICAL,empirical_mean_of_B,10.152396000000001,101.85130799999999,2.5628520000000004,GLOBAL,10.104046000000002,101.85130799999999,2.5914020000000004
P0040,B_CENTER_EMPIRICAL,empirical_mean_of_B,10.152396000000001,101.85130799999999,2.5628520000000004,GLOBAL,10.104046000000002,101.85130799999999,2.619952
P0041,B_CENTER_EMPIRICAL,empirical_mean_of_B,10.152396000000001,101.85130799999999,2.5628520000000004,GLOBAL,10.104046000000002,102.10130799999999,2.5057520000000006
P0042,B_CENTER_EMPIRICAL,empirical_mean_of_B,10.152396000000001,101.85130799999999,2.5628520000000004,GLOBAL,10.104046000000002,102.10130799999999,2.5343020000000003
P0043,B_CENTER_EMPIRICAL,empirical_mean_of_B,10.152396000000001,101.85130799999999,2.5628520000000004,GLOBAL,10.104046000000002,102.10130799999999,2.5628520000000004
P0044,B_CENTER_EMPIRICAL,empirical_mean_of_B,10.152396000000001,101.85130799999999,2.5628520000000004,GLOBAL,10.104046000000002,102.10130799999999,2.5914020000000004
P0045,B_CENTER_EMPIRICAL,empirical_mean_of_B,10.152396000000001,101.85130799999999,2.5628520000000004,GLOBAL,10.104046000000002,102.10130799999999,2.619952
P0046,B_CENTER_EMPIRICAL,empirical_mean_of_B,10.152396000000001,101.85130799999999,2.5628520000000004,GLOBAL,10.104046000000002,102.35130799999999,2.5057520000000006
P0047,B_CENTER_EMPIRICAL,empirical_mean_of_B,10.152396000000001,101.85130799999999,2.5628520000000004,GLOBAL,10.104046000000002,102.35130799999999,2.5343020000000003
P0048,B_CENTER_EMPIRICAL,empirical_mean_of_B,10.152396000000001,101.85130799999999,2.5628520000000004,GLOBAL,10.104046000000002,102.35130799999999,2.5628520000000004
P0049,B_CENTER_EMPIRICAL,empirical_mean_of_B,10.152396000000001,101.85130799999999,2.5628520000000004,GLOBAL,10.104046000000002,102.35130799999999,2.5914020000000004
P0050,B_CENTER_EMPIRICAL,empirical_mean_of_B,10.152396000000001,101.85130799999999,2.5628520000000004,GLOBAL,10.104046000000002,102.35130799999999,2.619952
P0051,B_CENTER_EMPIRICAL,empirical_mean_of_B,10.152396000000001,101.85130799999999,2.5628520000000004,GLOBAL,10.152396000000001,101.35130799999999,2.5057520000000006
P0052,B_CENTER_EMPIRICAL,empirical_mean_of_B,10.152396000000001,101.85130799999999,2.5628520000000004,GLOBAL,10.152396000000001,101.35130799999999,2.5343020000000003
P0053,B_CENTER_EMPIRICAL,empirical_mean_of_B,10.152396000000001,101.85130799999999,2.5628520000000004,GLOBAL,10.152396000000001,101.35130799999999,2.5628520000000004
P0054,B_CENTER_EMPIRICAL,empirical_mean_of_B,10.152396000000001,101.85130799999999,2.5628520000000004,GLOBAL,10.152396000000001,101.35130799999999,2.5914020000000004
P0055,B_CENTER_EMPIRICAL,empirical_mean_of_B,10.152396000000001,101.85130799999999,2.5628520000000004,GLOBAL,10.152396000000001,101.35130799999999,2.619952
P0056,B_CENTER_EMPIRICAL,empirical_mean_of_B,10.152396000000001,101.85130799999999,2.5628520000000004,GLOBAL,10.152396000000001,101.60130799999999,2.5057520000000006
P0057,B_CENTER_EMPIRICAL,empirical_mean_of_B,10.152396000000001,101.85130799999999,2.5628520000000004,GLOBAL,10.152396000000001,101.60130799999999,2.5343020000000003
P0058,B_CENTER_EMPIRICAL,empirical_mean_of_B,10.152396000000001,101.85130799999999,2.5628520000000004,GLOBAL,10.152396000000001,101.60130799999999,2.5628520000000004
P0059,B_CENTER_EMPIRICAL,empirical_mean_of_B,10.152396000000001,101.85130799999999,2.5628520000000004,GLOBAL,10.152396000000001,101.60130799999999,2.5914020000000004
P0060,B_CENTER_EMPIRICAL,empirical_mean_of_B,10.152396000000001,101.85130799999999,2.5628520000000004,GLOBAL,10.152396000000001,101.60130799999999,2.619952
P0061,B_CENTER_EMPIRICAL,empirical_mean_of_B,10.152396000000001,101.85130799999999,2.5628520000000004,GLOBAL,10.152396000000001,101.85130799999999,2.5057520000000006
P0062,B_CENTER_EMPIRICAL,empirical_mean_of_B,10.152396000000001,101.85130799999999,2.5628520000000004,GLOBAL,10.152396000000001,101.85130799999999,2.5343020000000003
P0063,B_CENTER_EMPIRICAL,empirical_mean_of_B,10.152396000000001,101.85130799999999,2.5628520000000004,GLOBAL,10.152396000000001,101.85130799999999,2.5628520000000004
P0064,B_CENTER_EMPIRICAL,empirical_mean_of_B,10.152396000000001,101.85130799999999,2.5628520000000004,GLOBAL,10.152396000000001,101.85130799999999,2.5914020000000004
P0065,B_CENTER_EMPIRICAL,empirical_mean_of_B,10.152396000000001,101.85130799999999,2.5628520000000004,GLOBAL,10.152396000000001,101.85130799999999,2.619952
P0066,B_CENTER_EMPIRICAL,empirical_mean_of_B,10.152396000000001,101.85130799999999,2.5628520000000004,GLOBAL,10.152396000000001,102.10130799999999,2.5057520000000006
P0067,B_CENTER_EMPIRICAL,empirical_mean_of_B,10.152396000000001,101.85130799999999,2.5628520000000004,GLOBAL,10.152396000000001,102.10130799999999,2.5343020000000003
P0068,B_CENTER_EMPIRICAL,empirical_mean_of_B,10.152396000000001,101.85130799999999,2.5628520000000004,GLOBAL,10.152396000000001,102.10130799999999,2.5628520000000004
P0069,B_CENTER_EMPIRICAL,empirical_mean_of_B,10.152396000000001,101.85130799999999,2.5628520000000004,GLOBAL,10.152396000000001,102.10130799999999,2.5914020000000004
P0070,B_CENTER_EMPIRICAL,empirical_mean_of_B,10.152396000000001,101.85130799999999,2.5628520000000004,GLOBAL,10.152396000000001,102.10130799999999,2.619952
P0071,B_CENTER_EMPIRICAL,empirical_mean_of_B,10.152396000000001,101.85130799999999,2.5628520000000004,GLOBAL,10.152396000000001,102.35130799999999,2.5057520000000006
P0072,B_CENTER_EMPIRICAL,empirical_mean_of_B,10.152396000000001,101.85130799999999,2.5628520000000004,GLOBAL,10.152396000000001,102.35130799999999,2.5343020000000003
P0073,B_CENTER_EMPIRICAL,empirical_mean_of_B,10.152396000000001,101.85130799999999,2.5628520000000004,GLOBAL,10.152396000000001,102.35130799999999,2.5628520000000004
P0074,B_CENTER_EMPIRICAL,empirical_mean_of_B,10.152396000000001,101.85130799999999,2.5628520000000004,GLOBAL,10.152396000000001,102.35130799999999,2.5914020000000004
P0075,B_CENTER_EMPIRICAL,empirical_mean_of_B,10.152396000000001,101.85130799999999,2.5628520000000004,GLOBAL,10.152396000000001,102.35130799999999,2.619952
P0076,B_CENTER_EMPIRICAL,empirical_mean_of_B,10.152396000000001,101.85130799999999,2.5628520000000004,GLOBAL,10.200746,101.35130799999999,2.5057520000000006
P0077,B_CENTER_EMPIRICAL,empirical_mean_of_B,10.152396000000001,101.85130799999999,2.5628520000000004,GLOBAL,10.200746,101.35130799999999,2.5343020000000003
P0078,B_CENTER_EMPIRICAL,empirical_mean_of_B,10.152396000000001,101.85130799999999,2.5628520000000004,GLOBAL,10.200746,101.35130799999999,2.5628520000000004
P0079,B_CENTER_EMPIRICAL,empirical_mean_of_B,10.152396000000001,101.85130799999999,2.5628520000000004,GLOBAL,10.200746,101.35130799999999,2.5914020000000004
P0080,B_CENTER_EMPIRICAL,empirical_mean_of_B,10.152396000000001,101.85130799999999,2.5628520000000004,GLOBAL,10.200746,101.35130799999999,2.619952
P0081,B_CENTER_EMPIRICAL,empirical_mean_of_B,10.152396000000001,101.85130799999999,2.5628520000000004,GLOBAL,10.200746,101.60130799999999,2.5057520000000006
P0082,B_CENTER_EMPIRICAL,empirical_mean_of_B,10.152396000000001,101.85130799999999,2.5628520000000004,GLOBAL,10.200746,101.60130799999999,2.5343020000000003
P0083,B_CENTER_EMPIRICAL,empirical_mean_of_B,10.152396000000001,101.85130799999999,2.5628520000000004,GLOBAL,10.200746,101.60130799999999,2.5628520000000004
P0084,B_CENTER_EMPIRICAL,empirical_mean_of_B,10.152396000000001,101.85130799999999,2.5628520000000004,GLOBAL,10.200746,101.60130799999999,2.5914020000000004
P0085,B_CENTER_EMPIRICAL,empirical_mean_of_B,10.152396000000001,101.85130799999999,2.5628520000000004,GLOBAL,10.200746,101.60130799999999,2.619952
P0086,B_CENTER_EMPIRICAL,empirical_mean_of_B,10.152396000000001,101.85130799999999,2.5628520000000004,GLOBAL,10.200746,101.85130799999999,2.5057520000000006
P0087,B_CENTER_EMPIRICAL,empirical_mean_of_B,10.152396000000001,101.85130799999999,2.5628520000000004,GLOBAL,10.200746,101.85130799999999,2.5343020000000003
P0088,B_CENTER_EMPIRICAL,empirical_mean_of_B,10.152396000000001,101.85130799999999,2.5628520000000004,GLOBAL,10.200746,101.85130799999999,2.5628520000000004
P0089,B_CENTER_EMPIRICAL,empirical_mean_of_B,10.152396000000001,101.85130799999999,2.5628520000000004,GLOBAL,10.200746,101.85130799999999,2.5914020000000004
P0090,B_CENTER_EMPIRICAL,empirical_mean_of_B,10.152396000000001,101.85130799999999,2.5628520000000004,GLOBAL,10.200746,101.85130799999999,2.619952
P0091,B_CENTER_EMPIRICAL,empirical_mean_of_B,10.152396000000001,101.85130799999999,2.5628520000000004,GLOBAL,10.200746,102.10130799999999,2.5057520000000006
P0092,B_CENTER_EMPIRICAL,empirical_mean_of_B,10.152396000000001,101.85130799999999,2.5628520000000004,GLOBAL,10.200746,102.10130799999999,2.5343020000000003
P0093,B_CENTER_EMPIRICAL,empirical_mean_of_B,10.152396000000001,101.85130799999999,2.5628520000000004,GLOBAL,10.200746,102.10130799999999,2.5628520000000004
P0094,B_CENTER_EMPIRICAL,empirical_mean_of_B,10.152396000000001,101.85130799999999,2.5628520000000004,GLOBAL,10.200746,102.10130799999999,2.5914020000000004
P0095,B_CENTER_EMPIRICAL,empirical_mean_of_B,10.152396000000001,101.85130799999999,2.5628520000000004,GLOBAL,10.200746,102.10130799999999,2.619952
P0096,B_CENTER_EMPIRICAL,empirical_mean_of_B,10.152396000000001,101.85130799999999,2.5628520000000004,GLOBAL,10.200746,102.35130799999999,2.5057520000000006
P0097,B_CENTER_EMPIRICAL,empirical_mean_of_B,10.152396000000001,101.85130799999999,2.5628520000000004,GLOBAL,10.200746,102.35130799999999,2.5343020000000003
P0098,B_CENTER_EMPIRICAL,empirical_mean_of_B,10.152396000000001,101.85130799999999,2.5628520000000004,GLOBAL,10.200746,102.35130799999999,2.5628520000000004
P0099,B_CENTER_EMPIRICAL,empirical_mean_of_B,10.152396000000001,101.85130799999999,2.5628520000000004,GLOBAL,10.200746,102.35130799999999,2.5914020000000004
P0100,B_CENTER_EMPIRICAL,empirical_mean_of_B,10.152396000000001,101.85130799999999,2.5628520000000004,GLOBAL,10.200746,102.35130799999999,2.619952
P0101,B_CENTER_EMPIRICAL,empirical_mean_of_B,10.152396000000001,101.85130799999999,2.5628520000000004,GLOBAL,10.249096,101.35130799999999,2.5057520000000006
P0102,B_CENTER_EMPIRICAL,empirical_mean_of_B,10.152396000000001,101.85130799999999,2.5628520000000004,GLOBAL,10.249096,101.35130799999999,2.5343020000000003
P0103,B_CENTER_EMPIRICAL,empirical_mean_of_B,10.152396000000001,101.85130799999999,2.5628520000000004,GLOBAL,10.249096,101.35130799999999,2.5628520000000004
P0104,B_CENTER_EMPIRICAL,empirical_mean_of_B,10.152396000000001,101.85130799999999,2.5628520000000004,GLOBAL,10.249096,101.35130799999999,2.5914020000000004
P0105,B_CENTER_EMPIRICAL,empirical_mean_of_B,10.152396000000001,101.85130799999999,2.5628520000000004,GLOBAL,10.249096,101.35130799999999,2.619952
P0106,B_CENTER_EMPIRICAL,empirical_mean_of_B,10.152396000000001,101.85130799999999,2.5628520000000004,GLOBAL,10.249096,101.60130799999999,2.5057520000000006
P0107,B_CENTER_EMPIRICAL,empirical_mean_of_B,10.152396000000001,101.85130799999999,2.5628520000000004,GLOBAL,10.249096,101.60130799999999,2.5343020000000003
P0108,B_CENTER_EMPIRICAL,empirical_mean_of_B,10.152396000000001,101.85130799999999,2.5628520000000004,GLOBAL,10.249096,101.60130799999999,2.5628520000000004
P0109,B_CENTER_EMPIRICAL,empirical_mean_of_B,10.152396000000001,101.85130799999999,2.5628520000000004,GLOBAL,10.249096,101.60130799999999,2.5914020000000004
P0110,B_CENTER_EMPIRICAL,empirical_mean_of_B,10.152396000000001,101.85130799999999,2.5628520000000004,GLOBAL,10.249096,101.60130799999999,2.619952
P0111,B_CENTER_EMPIRICAL,empirical_mean_of_B,10.152396000000001,101.85130799999999,2.5628520000000004,GLOBAL,10.249096,101.85130799999999,2.5057520000000006
P0112,B_CENTER_EMPIRICAL,empirical_mean_of_B,10.152396000000001,101.85130799999999,2.5628520000000004,GLOBAL,10.249096,101.85130799999999,2.5343020000000003
P0113,B_CENTER_EMPIRICAL,empirical_mean_of_B,10.152396000000001,101.85130799999999,2.5628520000000004,GLOBAL,10.249096,101.85130799999999,2.5628520000000004
P0114,B_CENTER_EMPIRICAL,empirical_mean_of_B,10.152396000000001,101.85130799999999,2.5628520000000004,GLOBAL,10.249096,101.85130799999999,2.5914020000000004
P0115,B_CENTER_EMPIRICAL,empirical_mean_of_B,10.152396000000001,101.85130799999999,2.5628520000000004,GLOBAL,10.249096,101.85130799999999,2.619952
P0116,B_CENTER_EMPIRICAL,empirical_mean_of_B,10.152396000000001,101.85130799999999,2.5628520000000004,GLOBAL,10.249096,102.10130799999999,2.5057520000000006
P0117,B_CENTER_EMPIRICAL,empirical_mean_of_B,10.152396000000001,101.85130799999999,2.5628520000000004,GLOBAL,10.249096,102.10130799999999,2.5343020000000003
P0118,B_CENTER_EMPIRICAL,empirical_mean_of_B,10.152396000000001,101.85130799999999,2.5628520000000004,GLOBAL,10.249096,102.10130799999999,2.5628520000000004
P0119,B_CENTER_EMPIRICAL,empirical_mean_of_B,10.152396000000001,101.85130799999999,2.5628520000000004,GLOBAL,10.249096,102.10130799999999,2.5914020000000004
P0120,B_CENTER_EMPIRICAL,empirical_mean_of_B,10.152396000000001,101.85130799999999,2.5628520000000004,GLOBAL,10.249096,102.10130799999999,2.619952
P0121,B_CENTER_EMPIRICAL,empirical_mean_of_B,10.152396000000001,101.85130799999999,2.5628520000000004,GLOBAL,10.249096,102.35130799999999,2.5057520000000006
P0122,B_CENTER_EMPIRICAL,empirical_mean_of_B,10.152396000000001,101.85130799999999,2.5628520000000004,GLOBAL,10.249096,102.35130799999999,2.5343020000000003
P0123,B_CENTER_EMPIRICAL,empirical_mean_of_B,10.152396000000001,101.85130799999999,2.5628520000000004,GLOBAL,10.249096,102.35130799999999,2.5628520000000004
P0124,B_CENTER_EMPIRICAL,empirical_mean_of_B,10.152396000000001,101.85130799999999,2.5628520000000004,GLOBAL,10.249096,102.35130799999999,2.5914020000000004
P0125,B_CENTER_EMPIRICAL,empirical_mean_of_B,10.152396000000001,101.85130799999999,2.5628520000000004,GLOBAL,10.249096,102.35130799999999,2.619952
P0126,POS_BEST,best_positive_B,10.65,105.0,2.475,NEG3,10.553300000000002,104.5,2.4179000000000004
P0127,POS_BEST,best_positive_B,10.65,105.0,2.475,NEG3,10.553300000000002,104.5,2.4464500000000005
P0128,POS_BEST,best_positive_B,10.65,105.0,2.475,NEG3,10.553300000000002,104.5,2.475
P0129,POS_BEST,best_positive_B,10.65,105.0,2.475,NEG3,10.553300000000002,104.5,2.5035499999999997
P0130,POS_BEST,best_positive_B,10.65,105.0,2.475,NEG3,10.553300000000002,104.5,2.5321
P0131,POS_BEST,best_positive_B,10.65,105.0,2.475,NEG3,10.553300000000002,104.75,2.4179000000000004
P0132,POS_BEST,best_positive_B,10.65,105.0,2.475,NEG3,10.553300000000002,104.75,2.4464500000000005
P0133,POS_BEST,best_positive_B,10.65,105.0,2.475,NEG3,10.553300000000002,104.75,2.475
P0134,POS_BEST,best_positive_B,10.65,105.0,2.475,NEG3,10.553300000000002,104.75,2.5035499999999997
P0135,POS_BEST,best_positive_B,10.65,105.0,2.475,NEG3,10.553300000000002,104.75,2.5321
P0136,POS_BEST,best_positive_B,10.65,105.0,2.475,NEG3,10.553300000000002,105.0,2.4179000000000004
P0137,POS_BEST,best_positive_B,10.65,105.0,2.475,NEG3,10.553300000000002,105.0,2.4464500000000005
P0138,POS_BEST,best_positive_B,10.65,105.0,2.475,NEG3,10.553300000000002,105.0,2.475
P0139,POS_BEST,best_positive_B,10.65,105.0,2.475,NEG3,10.553300000000002,105.0,2.5035499999999997
P0140,POS_BEST,best_positive_B,10.65,105.0,2.475,NEG3,10.553300000000002,105.0,2.5321
P0141,POS_BEST,best_positive_B,10.65,105.0,2.475,NEG3,10.553300000000002,105.25,2.4179000000000004
P0142,POS_BEST,best_positive_B,10.65,105.0,2.475,NEG3,10.553300000000002,105.25,2.4464500000000005
P0143,POS_BEST,best_positive_B,10.65,105.0,2.475,NEG3,10.553300000000002,105.25,2.475
P0144,POS_BEST,best_positive_B,10.65,105.0,2.475,NEG3,10.553300000000002,105.25,2.5035499999999997
P0145,POS_BEST,best_positive_B,10.65,105.0,2.475,NEG3,10.553300000000002,105.25,2.5321
P0146,POS_BEST,best_positive_B,10.65,105.0,2.475,NEG3,10.553300000000002,105.5,2.4179000000000004
P0147,POS_BEST,best_positive_B,10.65,105.0,2.475,NEG3,10.553300000000002,105.5,2.4464500000000005
P0148,POS_BEST,best_positive_B,10.65,105.0,2.475,NEG3,10.553300000000002,105.5,2.475
P0149,POS_BEST,best_positive_B,10.65,105.0,2.475,NEG3,10.553300000000002,105.5,2.5035499999999997
P0150,POS_BEST,best_positive_B,10.65,105.0,2.475,NEG3,10.553300000000002,105.5,2.5321
P0151,POS_BEST,best_positive_B,10.65,105.0,2.475,NEG3,10.601650000000001,104.5,2.4179000000000004
P0152,POS_BEST,best_positive_B,10.65,105.0,2.475,NEG3,10.601650000000001,104.5,2.4464500000000005
P0153,POS_BEST,best_positive_B,10.65,105.0,2.475,NEG3,10.601650000000001,104.5,2.475
P0154,POS_BEST,best_positive_B,10.65,105.0,2.475,NEG3,10.601650000000001,104.5,2.5035499999999997
P0155,POS_BEST,best_positive_B,10.65,105.0,2.475,NEG3,10.601650000000001,104.5,2.5321
P0156,POS_BEST,best_positive_B,10.65,105.0,2.475,NEG3,10.601650000000001,104.75,2.4179000000000004
P0157,POS_BEST,best_positive_B,10.65,105.0,2.475,NEG3,10.601650000000001,104.75,2.4464500000000005
P0158,POS_BEST,best_positive_B,10.65,105.0,2.475,NEG3,10.601650000000001,104.75,2.475
P0159,POS_BEST,best_positive_B,10.65,105.0,2.475,NEG3,10.601650000000001,104.75,2.5035499999999997
P0160,POS_BEST,best_positive_B,10.65,105.0,2.475,NEG3,10.601650000000001,104.75,2.5321
P0161,POS_BEST,best_positive_B,10.65,105.0,2.475,NEG3,10.601650000000001,105.0,2.4179000000000004
P0162,POS_BEST,best_positive_B,10.65,105.0,2.475,NEG3,10.601650000000001,105.0,2.4464500000000005
P0163,POS_BEST,best_positive_B,10.65,105.0,2.475,NEG3,10.601650000000001,105.0,2.475
P0164,POS_BEST,best_positive_B,10.65,105.0,2.475,NEG3,10.601650000000001,105.0,2.5035499999999997
P0165,POS_BEST,best_positive_B,10.65,105.0,2.475,NEG3,10.601650000000001,105.0,2.5321
P0166,POS_BEST,best_positive_B,10.65,105.0,2.475,NEG3,10.601650000000001,105.25,2.4179000000000004
P0167,POS_BEST,best_positive_B,10.65,105.0,2.475,NEG3,10.601650000000001,105.25,2.4464500000000005
P0168,POS_BEST,best_positive_B,10.65,105.0,2.475,NEG3,10.601650000000001,105.25,2.475
P0169,POS_BEST,best_positive_B,10.65,105.0,2.475,NEG3,10.601650000000001,105.25,2.5035499999999997
P0170,POS_BEST,best_positive_B,10.65,105.0,2.475,NEG3,10.601650000000001,105.25,2.5321
P0171,POS_BEST,best_positive_B,10.65,105.0,2.475,NEG3,10.601650000000001,105.5,2.4179000000000004
P0172,POS_BEST,best_positive_B,10.65,105.0,2.475,NEG3,10.601650000000001,105.5,2.4464500000000005
P0173,POS_BEST,best_positive_B,10.65,105.0,2.475,NEG3,10.601650000000001,105.5,2.475
P0174,POS_BEST,best_positive_B,10.65,105.0,2.475,NEG3,10.601650000000001,105.5,2.5035499999999997
P0175,POS_BEST,best_positive_B,10.65,105.0,2.475,NEG3,10.601650000000001,105.5,2.5321
P0176,POS_BEST,best_positive_B,10.65,105.0,2.475,NEG3,10.65,104.5,2.4179000000000004
P0177,POS_BEST,best_positive_B,10.65,105.0,2.475,NEG3,10.65,104.5,2.4464500000000005
P0178,POS_BEST,best_positive_B,10.65,105.0,2.475,NEG3,10.65,104.5,2.475
P0179,POS_BEST,best_positive_B,10.65,105.0,2.475,NEG3,10.65,104.5,2.5035499999999997
P0180,POS_BEST,best_positive_B,10.65,105.0,2.475,NEG3,10.65,104.5,2.5321
P0181,POS_BEST,best_positive_B,10.65,105.0,2.475,NEG3,10.65,104.75,2.4179000000000004
P0182,POS_BEST,best_positive_B,10.65,105.0,2.475,NEG3,10.65,104.75,2.4464500000000005
P0183,POS_BEST,best_positive_B,10.65,105.0,2.475,NEG3,10.65,104.75,2.475
P0184,POS_BEST,best_positive_B,10.65,105.0,2.475,NEG3,10.65,104.75,2.5035499999999997
P0185,POS_BEST,best_positive_B,10.65,105.0,2.475,NEG3,10.65,104.75,2.5321
P0186,POS_BEST,best_positive_B,10.65,105.0,2.475,NEG3,10.65,105.0,2.4179000000000004
P0187,POS_BEST,best_positive_B,10.65,105.0,2.475,NEG3,10.65,105.0,2.4464500000000005
P0188,POS_BEST,best_positive_B,10.65,105.0,2.475,NEG3,10.65,105.0,2.475
P0189,POS_BEST,best_positive_B,10.65,105.0,2.475,NEG3,10.65,105.0,2.5035499999999997
P0190,POS_BEST,best_positive_B,10.65,105.0,2.475,NEG3,10.65,105.0,2.5321
P0191,POS_BEST,best_positive_B,10.65,105.0,2.475,NEG3,10.65,105.25,2.4179000000000004
P0192,POS_BEST,best_positive_B,10.65,105.0,2.475,NEG3,10.65,105.25,2.4464500000000005
P0193,POS_BEST,best_positive_B,10.65,105.0,2.475,NEG3,10.65,105.25,2.475
P0194,POS_BEST,best_positive_B,10.65,105.0,2.475,NEG3,10.65,105.25,2.5035499999999997
P0195,POS_BEST,best_positive_B,10.65,105.0,2.475,NEG3,10.65,105.25,2.5321
P0196,POS_BEST,best_positive_B,10.65,105.0,2.475,NEG3,10.65,105.5,2.4179000000000004
P0197,POS_BEST,best_positive_B,10.65,105.0,2.475,NEG3,10.65,105.5,2.4464500000000005
P0198,POS_BEST,best_positive_B,10.65,105.0,2.475,NEG3,10.65,105.5,2.475
P0199,POS_BEST,best_positive_B,10.65,105.0,2.475,NEG3,10.65,105.5,2.5035499999999997
P0200,POS_BEST,best_positive_B,10.65,105.0,2.475,NEG3,10.65,105.5,2.5321
P0201,POS_BEST,best_positive_B,10.65,105.0,2.475,NEG3,10.69835,104.5,2.4179000000000004
P0202,POS_BEST,best_positive_B,10.65,105.0,2.475,NEG3,10.69835,104.5,2.4464500000000005
P0203,POS_BEST,best_positive_B,10.65,105.0,2.475,NEG3,10.69835,104.5,2.475
P0204,POS_BEST,best_positive_B,10.65,105.0,2.475,NEG3,10.69835,104.5,2.5035499999999997
P0205,POS_BEST,best_positive_B,10.65,105.0,2.475,NEG3,10.69835,104.5,2.5321
P0206,POS_BEST,best_positive_B,10.65,105.0,2.475,NEG3,10.69835,104.75,2.4179000000000004
P0207,POS_BEST,best_positive_B,10.65,105.0,2.475,NEG3,10.69835,104.75,2.4464500000000005
P0208,POS_BEST,best_positive_B,10.65,105.0,2.475,NEG3,10.69835,104.75,2.475
P0209,POS_BEST,best_positive_B,10.65,105.0,2.475,NEG3,10.69835,104.75,2.5035499999999997
P0210,POS_BEST,best_positive_B,10.65,105.0,2.475,NEG3,10.69835,104.75,2.5321
P0211,POS_BEST,best_positive_B,10.65,105.0,2.475,NEG3,10.69835,105.0,2.4179000000000004
P0212,POS_BEST,best_positive_B,10.65,105.0,2.475,NEG3,10.69835,105.0,2.4464500000000005
P0213,POS_BEST,best_positive_B,10.65,105.0,2.475,NEG3,10.69835,105.0,2.475
P0214,POS_BEST,best_positive_B,10.65,105.0,2.475,NEG3,10.69835,105.0,2.5035499999999997
P0215,POS_BEST,best_positive_B,10.65,105.0,2.475,NEG3,10.69835,105.0,2.5321
P0216,POS_BEST,best_positive_B,10.65,105.0,2.475,NEG3,10.69835,105.25,2.4179000000000004
P0217,POS_BEST,best_positive_B,10.65,105.0,2.475,NEG3,10.69835,105.25,2.4464500000000005
P0218,POS_BEST,best_positive_B,10.65,105.0,2.475,NEG3,10.69835,105.25,2.475
P0219,POS_BEST,best_positive_B,10.65,105.0,2.475,NEG3,10.69835,105.25,2.5035499999999997
P0220,POS_BEST,best_positive_B,10.65,105.0,2.475,NEG3,10.69835,105.25,2.5321
P0221,POS_BEST,best_positive_B,10.65,105.0,2.475,NEG3,10.69835,105.5,2.4179000000000004
P0222,POS_BEST,best_positive_B,10.65,105.0,2.475,NEG3,10.69835,105.5,2.4464500000000005
P0223,POS_BEST,best_positive_B,10.65,105.0,2.475,NEG3,10.69835,105.5,2.475
P0224,POS_BEST,best_positive_B,10.65,105.0,2.475,NEG3,10.69835,105.5,2.5035499999999997
P0225,POS_BEST,best_positive_B,10.65,105.0,2.475,NEG3,10.69835,105.5,2.5321
P0226,POS_BEST,best_positive_B,10.65,105.0,2.475,NEG3,10.746699999999999,104.5,2.4179000000000004
P0227,POS_BEST,best_positive_B,10.65,105.0,2.475,NEG3,10.746699999999999,104.5,2.4464500000000005
P0228,POS_BEST,best_positive_B,10.65,105.0,2.475,NEG3,10.746699999999999,104.5,2.475
P0229,POS_BEST,best_positive_B,10.65,105.0,2.475,NEG3,10.746699999999999,104.5,2.5035499999999997
P0230,POS_BEST,best_positive_B,10.65,105.0,2.475,NEG3,10.746699999999999,104.5,2.5321
P0231,POS_BEST,best_positive_B,10.65,105.0,2.475,NEG3,10.746699999999999,104.75,2.4179000000000004
P0232,POS_BEST,best_positive_B,10.65,105.0,2.475,NEG3,10.746699999999999,104.75,2.4464500000000005
P0233,POS_BEST,best_positive_B,10.65,105.0,2.475,NEG3,10.746699999999999,104.75,2.475
P0234,POS_BEST,best_positive_B,10.65,105.0,2.475,NEG3,10.746699999999999,104.75,2.5035499999999997
P0235,POS_BEST,best_positive_B,10.65,105.0,2.475,NEG3,10.746699999999999,104.75,2.5321
P0236,POS_BEST,best_positive_B,10.65,105.0,2.475,NEG3,10.746699999999999,105.0,2.4179000000000004
P0237,POS_BEST,best_positive_B,10.65,105.0,2.475,NEG3,10.746699999999999,105.0,2.4464500000000005
P0238,POS_BEST,best_positive_B,10.65,105.0,2.475,NEG3,10.746699999999999,105.0,2.475
P0239,POS_BEST,best_positive_B,10.65,105.0,2.475,NEG3,10.746699999999999,105.0,2.5035499999999997
P0240,POS_BEST,best_positive_B,10.65,105.0,2.475,NEG3,10.746699999999999,105.0,2.5321
P0241,POS_BEST,best_positive_B,10.65,105.0,2.475,NEG3,10.746699999999999,105.25,2.4179000000000004
P0242,POS_BEST,best_positive_B,10.65,105.0,2.475,NEG3,10.746699999999999,105.25,2.4464500000000005
P0243,POS_BEST,best_positive_B,10.65,105.0,2.475,NEG3,10.746699999999999,105.25,2.475
P0244,POS_BEST,best_positive_B,10.65,105.0,2.475,NEG3,10.746699999999999,105.25,2.5035499999999997
P0245,POS_BEST,best_positive_B,10.65,105.0,2.475,NEG3,10.746699999999999,105.25,2.5321
P0246,POS_BEST,best_positive_B,10.65,105.0,2.475,NEG3,10.746699999999999,105.5,2.4179000000000004
P0247,POS_BEST,best_positive_B,10.65,105.0,2.475,NEG3,10.746699999999999,105.5,2.4464500000000005
P0248,POS_BEST,best_positive_B,10.65,105.0,2.475,NEG3,10.746699999999999,105.5,2.475
P0249,POS_BEST,best_positive_B,10.65,105.0,2.475,NEG3,10.746699999999999,105.5,2.5035499999999997
P0250,POS_BEST,best_positive_B,10.65,105.0,2.475,NEG3,10.746699999999999,105.5,2.5321
P0251,NEG_NEG1,preferred_negative_NEG1,9.55,99.0,2.475,NEG1,9.453300000000002,98.5,2.4179000000000004
P0252,NEG_NEG1,preferred_negative_NEG1,9.55,99.0,2.475,NEG1,9.453300000000002,98.5,2.4464500000000005
P0253,NEG_NEG1,preferred_negative_NEG1,9.55,99.0,2.475,NEG1,9.453300000000002,98.5,2.475
P0254,NEG_NEG1,preferred_negative_NEG1,9.55,99.0,2.475,NEG1,9.453300000000002,98.5,2.5035499999999997
P0255,NEG_NEG1,preferred_negative_NEG1,9.55,99.0,2.475,NEG1,9.453300000000002,98.5,2.5321
P0256,NEG_NEG1,preferred_negative_NEG1,9.55,99.0,2.475,NEG1,9.453300000000002,98.75,2.4179000000000004
P0257,NEG_NEG1,preferred_negative_NEG1,9.55,99.0,2.475,NEG1,9.453300000000002,98.75,2.4464500000000005
P0258,NEG_NEG1,preferred_negative_NEG1,9.55,99.0,2.475,NEG1,9.453300000000002,98.75,2.475
P0259,NEG_NEG1,preferred_negative_NEG1,9.55,99.0,2.475,NEG1,9.453300000000002,98.75,2.5035499999999997
P0260,NEG_NEG1,preferred_negative_NEG1,9.55,99.0,2.475,NEG1,9.453300000000002,98.75,2.5321
P0261,NEG_NEG1,preferred_negative_NEG1,9.55,99.0,2.475,NEG1,9.453300000000002,99.0,2.4179000000000004
P0262,NEG_NEG1,preferred_negative_NEG1,9.55,99.0,2.475,NEG1,9.453300000000002,99.0,2.4464500000000005
P0263,NEG_NEG1,preferred_negative_NEG1,9.55,99.0,2.475,NEG1,9.453300000000002,99.0,2.475
P0264,NEG_NEG1,preferred_negative_NEG1,9.55,99.0,2.475,NEG1,9.453300000000002,99.0,2.5035499999999997
P0265,NEG_NEG1,preferred_negative_NEG1,9.55,99.0,2.475,NEG1,9.453300000000002,99.0,2.5321
P0266,NEG_NEG1,preferred_negative_NEG1,9.55,99.0,2.475,NEG1,9.453300000000002,99.25,2.4179000000000004
P0267,NEG_NEG1,preferred_negative_NEG1,9.55,99.0,2.475,NEG1,9.453300000000002,99.25,2.4464500000000005
P0268,NEG_NEG1,preferred_negative_NEG1,9.55,99.0,2.475,NEG1,9.453300000000002,99.25,2.475
P0269,NEG_NEG1,preferred_negative_NEG1,9.55,99.0,2.475,NEG1,9.453300000000002,99.25,2.5035499999999997
P0270,NEG_NEG1,preferred_negative_NEG1,9.55,99.0,2.475,NEG1,9.453300000000002,99.25,2.5321
P0271,NEG_NEG1,preferred_negative_NEG1,9.55,99.0,2.475,NEG1,9.453300000000002,99.5,2.4179000000000004
P0272,NEG_NEG1,preferred_negative_NEG1,9.55,99.0,2.475,NEG1,9.453300000000002,99.5,2.4464500000000005
P0273,NEG_NEG1,preferred_negative_NEG1,9.55,99.0,2.475,NEG1,9.453300000000002,99.5,2.475
P0274,NEG_NEG1,preferred_negative_NEG1,9.55,99.0,2.475,NEG1,9.453300000000002,99.5,2.5035499999999997
P0275,NEG_NEG1,preferred_negative_NEG1,9.55,99.0,2.475,NEG1,9.453300000000002,99.5,2.5321
P0276,NEG_NEG1,preferred_negative_NEG1,9.55,99.0,2.475,NEG1,9.501650000000001,98.5,2.4179000000000004
P0277,NEG_NEG1,preferred_negative_NEG1,9.55,99.0,2.475,NEG1,9.501650000000001,98.5,2.4464500000000005
P0278,NEG_NEG1,preferred_negative_NEG1,9.55,99.0,2.475,NEG1,9.501650000000001,98.5,2.475
P0279,NEG_NEG1,preferred_negative_NEG1,9.55,99.0,2.475,NEG1,9.501650000000001,98.5,2.5035499999999997
P0280,NEG_NEG1,preferred_negative_NEG1,9.55,99.0,2.475,NEG1,9.501650000000001,98.5,2.5321
P0281,NEG_NEG1,preferred_negative_NEG1,9.55,99.0,2.475,NEG1,9.501650000000001,98.75,2.4179000000000004
P0282,NEG_NEG1,preferred_negative_NEG1,9.55,99.0,2.475,NEG1,9.501650000000001,98.75,2.4464500000000005
P0283,NEG_NEG1,preferred_negative_NEG1,9.55,99.0,2.475,NEG1,9.501650000000001,98.75,2.475
P0284,NEG_NEG1,preferred_negative_NEG1,9.55,99.0,2.475,NEG1,9.501650000000001,98.75,2.5035499999999997
P0285,NEG_NEG1,preferred_negative_NEG1,9.55,99.0,2.475,NEG1,9.501650000000001,98.75,2.5321
P0286,NEG_NEG1,preferred_negative_NEG1,9.55,99.0,2.475,NEG1,9.501650000000001,99.0,2.4179000000000004
P0287,NEG_NEG1,preferred_negative_NEG1,9.55,99.0,2.475,NEG1,9.501650000000001,99.0,2.4464500000000005
P0288,NEG_NEG1,preferred_negative_NEG1,9.55,99.0,2.475,NEG1,9.501650000000001,99.0,2.475
P0289,NEG_NEG1,preferred_negative_NEG1,9.55,99.0,2.475,NEG1,9.501650000000001,99.0,2.5035499999999997
P0290,NEG_NEG1,preferred_negative_NEG1,9.55,99.0,2.475,NEG1,9.501650000000001,99.0,2.5321
P0291,NEG_NEG1,preferred_negative_NEG1,9.55,99.0,2.475,NEG1,9.501650000000001,99.25,2.4179000000000004
P0292,NEG_NEG1,preferred_negative_NEG1,9.55,99.0,2.475,NEG1,9.501650000000001,99.25,2.4464500000000005
P0293,NEG_NEG1,preferred_negative_NEG1,9.55,99.0,2.475,NEG1,9.501650000000001,99.25,2.475
P0294,NEG_NEG1,preferred_negative_NEG1,9.55,99.0,2.475,NEG1,9.501650000000001,99.25,2.5035499999999997
P0295,NEG_NEG1,preferred_negative_NEG1,9.55,99.0,2.475,NEG1,9.501650000000001,99.25,2.5321
P0296,NEG_NEG1,preferred_negative_NEG1,9.55,99.0,2.475,NEG1,9.501650000000001,99.5,2.4179000000000004
P0297,NEG_NEG1,preferred_negative_NEG1,9.55,99.0,2.475,NEG1,9.501650000000001,99.5,2.4464500000000005
P0298,NEG_NEG1,preferred_negative_NEG1,9.55,99.0,2.475,NEG1,9.501650000000001,99.5,2.475
P0299,NEG_NEG1,preferred_negative_NEG1,9.55,99.0,2.475,NEG1,9.501650000000001,99.5,2.5035499999999997
P0300,NEG_NEG1,preferred_negative_NEG1,9.55,99.0,2.475,NEG1,9.501650000000001,99.5,2.5321
P0301,NEG_NEG1,preferred_negative_NEG1,9.55,99.0,2.475,NEG1,9.55,98.5,2.4179000000000004
P0302,NEG_NEG1,preferred_negative_NEG1,9.55,99.0,2.475,NEG1,9.55,98.5,2.4464500000000005
P0303,NEG_NEG1,preferred_negative_NEG1,9.55,99.0,2.475,NEG1,9.55,98.5,2.475
P0304,NEG_NEG1,preferred_negative_NEG1,9.55,99.0,2.475,NEG1,9.55,98.5,2.5035499999999997
P0305,NEG_NEG1,preferred_negative_NEG1,9.55,99.0,2.475,NEG1,9.55,98.5,2.5321
P0306,NEG_NEG1,preferred_negative_NEG1,9.55,99.0,2.475,NEG1,9.55,98.75,2.4179000000000004
P0307,NEG_NEG1,preferred_negative_NEG1,9.55,99.0,2.475,NEG1,9.55,98.75,2.4464500000000005
P0308,NEG_NEG1,preferred_negative_NEG1,9.55,99.0,2.475,NEG1,9.55,98.75,2.475
P0309,NEG_NEG1,preferred_negative_NEG1,9.55,99.0,2.475,NEG1,9.55,98.75,2.5035499999999997
P0310,NEG_NEG1,preferred_negative_NEG1,9.55,99.0,2.475,NEG1,9.55,98.75,2.5321
P0311,NEG_NEG1,preferred_negative_NEG1,9.55,99.0,2.475,NEG1,9.55,99.0,2.4179000000000004
P0312,NEG_NEG1,preferred_negative_NEG1,9.55,99.0,2.475,NEG1,9.55,99.0,2.4464500000000005
P0313,NEG_NEG1,preferred_negative_NEG1,9.55,99.0,2.475,NEG1,9.55,99.0,2.475
P0314,NEG_NEG1,preferred_negative_NEG1,9.55,99.0,2.475,NEG1,9.55,99.0,2.5035499999999997
P0315,NEG_NEG1,preferred_negative_NEG1,9.55,99.0,2.475,NEG1,9.55,99.0,2.5321
P0316,NEG_NEG1,preferred_negative_NEG1,9.55,99.0,2.475,NEG1,9.55,99.25,2.4179000000000004
P0317,NEG_NEG1,preferred_negative_NEG1,9.55,99.0,2.475,NEG1,9.55,99.25,2.4464500000000005
P0318,NEG_NEG1,preferred_negative_NEG1,9.55,99.0,2.475,NEG1,9.55,99.25,2.475
P0319,NEG_NEG1,preferred_negative_NEG1,9.55,99.0,2.475,NEG1,9.55,99.25,2.5035499999999997
P0320,NEG_NEG1,preferred_negative_NEG1,9.55,99.0,2.475,NEG1,9.55,99.25,2.5321
P0321,NEG_NEG1,preferred_negative_NEG1,9.55,99.0,2.475,NEG1,9.55,99.5,2.4179000000000004
P0322,NEG_NEG1,preferred_negative_NEG1,9.55,99.0,2.475,NEG1,9.55,99.5,2.4464500000000005
P0323,NEG_NEG1,preferred_negative_NEG1,9.55,99.0,2.475,NEG1,9.55,99.5,2.475
P0324,NEG_NEG1,preferred_negative_NEG1,9.55,99.0,2.475,NEG1,9.55,99.5,2.5035499999999997
P0325,NEG_NEG1,preferred_negative_NEG1,9.55,99.0,2.475,NEG1,9.55,99.5,2.5321
P0326,NEG_NEG1,preferred_negative_NEG1,9.55,99.0,2.475,NEG1,9.59835,98.5,2.4179000000000004
P0327,NEG_NEG1,preferred_negative_NEG1,9.55,99.0,2.475,NEG1,9.59835,98.5,2.4464500000000005
P0328,NEG_NEG1,preferred_negative_NEG1,9.55,99.0,2.475,NEG1,9.59835,98.5,2.475
P0329,NEG_NEG1,preferred_negative_NEG1,9.55,99.0,2.475,NEG1,9.59835,98.5,2.5035499999999997
P0330,NEG_NEG1,preferred_negative_NEG1,9.55,99.0,2.475,NEG1,9.59835,98.5,2.5321
P0331,NEG_NEG1,preferred_negative_NEG1,9.55,99.0,2.475,NEG1,9.59835,98.75,2.4179000000000004
P0332,NEG_NEG1,preferred_negative_NEG1,9.55,99.0,2.475,NEG1,9.59835,98.75,2.4464500000000005
P0333,NEG_NEG1,preferred_negative_NEG1,9.55,99.0,2.475,NEG1,9.59835,98.75,2.475
P0334,NEG_NEG1,preferred_negative_NEG1,9.55,99.0,2.475,NEG1,9.59835,98.75,2.5035499999999997
P0335,NEG_NEG1,preferred_negative_NEG1,9.55,99.0,2.475,NEG1,9.59835,98.75,2.5321
P0336,NEG_NEG1,preferred_negative_NEG1,9.55,99.0,2.475,NEG1,9.59835,99.0,2.4179000000000004
P0337,NEG_NEG1,preferred_negative_NEG1,9.55,99.0,2.475,NEG1,9.59835,99.0,2.4464500000000005
P0338,NEG_NEG1,preferred_negative_NEG1,9.55,99.0,2.475,NEG1,9.59835,99.0,2.475
P0339,NEG_NEG1,preferred_negative_NEG1,9.55,99.0,2.475,NEG1,9.59835,99.0,2.5035499999999997
P0340,NEG_NEG1,preferred_negative_NEG1,9.55,99.0,2.475,NEG1,9.59835,99.0,2.5321
P0341,NEG_NEG1,preferred_negative_NEG1,9.55,99.0,2.475,NEG1,9.59835,99.25,2.4179000000000004
P0342,NEG_NEG1,preferred_negative_NEG1,9.55,99.0,2.475,NEG1,9.59835,99.25,2.4464500000000005
P0343,NEG_NEG1,preferred_negative_NEG1,9.55,99.0,2.475,NEG1,9.59835,99.25,2.475
P0344,NEG_NEG1,preferred_negative_NEG1,9.55,99.0,2.475,NEG1,9.59835,99.25,2.5035499999999997
P0345,NEG_NEG1,preferred_negative_NEG1,9.55,99.0,2.475,NEG1,9.59835,99.25,2.5321
P0346,NEG_NEG1,preferred_negative_NEG1,9.55,99.0,2.475,NEG1,9.59835,99.5,2.4179000000000004
P0347,NEG_NEG1,preferred_negative_NEG1,9.55,99.0,2.475,NEG1,9.59835,99.5,2.4464500000000005
P0348,NEG_NEG1,preferred_negative_NEG1,9.55,99.0,2.475,NEG1,9.59835,99.5,2.475
P0349,NEG_NEG1,preferred_negative_NEG1,9.55,99.0,2.475,NEG1,9.59835,99.5,2.5035499999999997
P0350,NEG_NEG1,preferred_negative_NEG1,9.55,99.0,2.475,NEG1,9.59835,99.5,2.5321
P0351,NEG_NEG1,preferred_negative_NEG1,9.55,99.0,2.475,NEG1,9.6467,98.5,2.4179000000000004
P0352,NEG_NEG1,preferred_negative_NEG1,9.55,99.0,2.475,NEG1,9.6467,98.5,2.4464500000000005
P0353,NEG_NEG1,preferred_negative_NEG1,9.55,99.0,2.475,NEG1,9.6467,98.5,2.475
P0354,NEG_NEG1,preferred_negative_NEG1,9.55,99.0,2.475,NEG1,9.6467,98.5,2.5035499999999997
P0355,NEG_NEG1,preferred_negative_NEG1,9.55,99.0,2.475,NEG1,9.6467,98.5,2.5321
P0356,NEG_NEG1,preferred_negative_NEG1,9.55,99.0,2.475,NEG1,9.6467,98.75,2.4179000000000004
P0357,NEG_NEG1,preferred_negative_NEG1,9.55,99.0,2.475,NEG1,9.6467,98.75,2.4464500000000005
P0358,NEG_NEG1,preferred_negative_NEG1,9.55,99.0,2.475,NEG1,9.6467,98.75,2.475
P0359,NEG_NEG1,preferred_negative_NEG1,9.55,99.0,2.475,NEG1,9.6467,98.75,2.5035499999999997
P0360,NEG_NEG1,preferred_negative_NEG1,9.55,99.0,2.475,NEG1,9.6467,98.75,2.5321
P0361,NEG_NEG1,preferred_negative_NEG1,9.55,99.0,2.475,NEG1,9.6467,99.0,2.4179000000000004
P0362,NEG_NEG1,preferred_negative_NEG1,9.55,99.0,2.475,NEG1,9.6467,99.0,2.4464500000000005
P0363,NEG_NEG1,preferred_negative_NEG1,9.55,99.0,2.475,NEG1,9.6467,99.0,2.475
P0364,NEG_NEG1,preferred_negative_NEG1,9.55,99.0,2.475,NEG1,9.6467,99.0,2.5035499999999997
P0365,NEG_NEG1,preferred_negative_NEG1,9.55,99.0,2.475,NEG1,9.6467,99.0,2.5321
P0366,NEG_NEG1,preferred_negative_NEG1,9.55,99.0,2.475,NEG1,9.6467,99.25,2.4179000000000004
P0367,NEG_NEG1,preferred_negative_NEG1,9.55,99.0,2.475,NEG1,9.6467,99.25,2.4464500000000005
P0368,NEG_NEG1,preferred_negative_NEG1,9.55,99.0,2.475,NEG1,9.6467,99.25,2.475
P0369,NEG_NEG1,preferred_negative_NEG1,9.55,99.0,2.475,NEG1,9.6467,99.25,2.5035499999999997
P0370,NEG_NEG1,preferred_negative_NEG1,9.55,99.0,2.475,NEG1,9.6467,99.25,2.5321
P0371,NEG_NEG1,preferred_negative_NEG1,9.55,99.0,2.475,NEG1,9.6467,99.5,2.4179000000000004
P0372,NEG_NEG1,preferred_negative_NEG1,9.55,99.0,2.475,NEG1,9.6467,99.5,2.4464500000000005
P0373,NEG_NEG1,preferred_negative_NEG1,9.55,99.0,2.475,NEG1,9.6467,99.5,2.475
P0374,NEG_NEG1,preferred_negative_NEG1,9.55,99.0,2.475,NEG1,9.6467,99.5,2.5035499999999997
P0375,NEG_NEG1,preferred_negative_NEG1,9.55,99.0,2.475,NEG1,9.6467,99.5,2.5321
P0376,NEG_NEG3,preferred_negative_NEG3,10.65,103.5,2.55,NEG3,10.553300000000002,103.0,2.4929
P0377,NEG_NEG3,preferred_negative_NEG3,10.65,103.5,2.55,NEG3,10.553300000000002,103.0,2.5214499999999997
P0378,NEG_NEG3,preferred_negative_NEG3,10.65,103.5,2.55,NEG3,10.553300000000002,103.0,2.55
P0379,NEG_NEG3,preferred_negative_NEG3,10.65,103.5,2.55,NEG3,10.553300000000002,103.0,2.57855
P0380,NEG_NEG3,preferred_negative_NEG3,10.65,103.5,2.55,NEG3,10.553300000000002,103.0,2.6070999999999995
P0381,NEG_NEG3,preferred_negative_NEG3,10.65,103.5,2.55,NEG3,10.553300000000002,103.25,2.4929
P0382,NEG_NEG3,preferred_negative_NEG3,10.65,103.5,2.55,NEG3,10.553300000000002,103.25,2.5214499999999997
P0383,NEG_NEG3,preferred_negative_NEG3,10.65,103.5,2.55,NEG3,10.553300000000002,103.25,2.55
P0384,NEG_NEG3,preferred_negative_NEG3,10.65,103.5,2.55,NEG3,10.553300000000002,103.25,2.57855
P0385,NEG_NEG3,preferred_negative_NEG3,10.65,103.5,2.55,NEG3,10.553300000000002,103.25,2.6070999999999995
P0386,NEG_NEG3,preferred_negative_NEG3,10.65,103.5,2.55,NEG3,10.553300000000002,103.5,2.4929
P0387,NEG_NEG3,preferred_negative_NEG3,10.65,103.5,2.55,NEG3,10.553300000000002,103.5,2.5214499999999997
P0388,NEG_NEG3,preferred_negative_NEG3,10.65,103.5,2.55,NEG3,10.553300000000002,103.5,2.55
P0389,NEG_NEG3,preferred_negative_NEG3,10.65,103.5,2.55,NEG3,10.553300000000002,103.5,2.57855
P0390,NEG_NEG3,preferred_negative_NEG3,10.65,103.5,2.55,NEG3,10.553300000000002,103.5,2.6070999999999995
P0391,NEG_NEG3,preferred_negative_NEG3,10.65,103.5,2.55,NEG3,10.553300000000002,103.75,2.4929
P0392,NEG_NEG3,preferred_negative_NEG3,10.65,103.5,2.55,NEG3,10.553300000000002,103.75,2.5214499999999997
P0393,NEG_NEG3,preferred_negative_NEG3,10.65,103.5,2.55,NEG3,10.553300000000002,103.75,2.55
P0394,NEG_NEG3,preferred_negative_NEG3,10.65,103.5,2.55,NEG3,10.553300000000002,103.75,2.57855
P0395,NEG_NEG3,preferred_negative_NEG3,10.65,103.5,2.55,NEG3,10.553300000000002,103.75,2.6070999999999995
P0396,NEG_NEG3,preferred_negative_NEG3,10.65,103.5,2.55,NEG3,10.553300000000002,104.0,2.4929
P0397,NEG_NEG3,preferred_negative_NEG3,10.65,103.5,2.55,NEG3,10.553300000000002,104.0,2.5214499999999997
P0398,NEG_NEG3,preferred_negative_NEG3,10.65,103.5,2.55,NEG3,10.553300000000002,104.0,2.55
P0399,NEG_NEG3,preferred_negative_NEG3,10.65,103.5,2.55,NEG3,10.553300000000002,104.0,2.57855
P0400,NEG_NEG3,preferred_negative_NEG3,10.65,103.5,2.55,NEG3,10.553300000000002,104.0,2.6070999999999995
P0401,NEG_NEG3,preferred_negative_NEG3,10.65,103.5,2.55,NEG3,10.601650000000001,103.0,2.4929
P0402,NEG_NEG3,preferred_negative_NEG3,10.65,103.5,2.55,NEG3,10.601650000000001,103.0,2.5214499999999997
P0403,NEG_NEG3,preferred_negative_NEG3,10.65,103.5,2.55,NEG3,10.601650000000001,103.0,2.55
P0404,NEG_NEG3,preferred_negative_NEG3,10.65,103.5,2.55,NEG3,10.601650000000001,103.0,2.57855
P0405,NEG_NEG3,preferred_negative_NEG3,10.65,103.5,2.55,NEG3,10.601650000000001,103.0,2.6070999999999995
P0406,NEG_NEG3,preferred_negative_NEG3,10.65,103.5,2.55,NEG3,10.601650000000001,103.25,2.4929
P0407,NEG_NEG3,preferred_negative_NEG3,10.65,103.5,2.55,NEG3,10.601650000000001,103.25,2.5214499999999997
P0408,NEG_NEG3,preferred_negative_NEG3,10.65,103.5,2.55,NEG3,10.601650000000001,103.25,2.55
P0409,NEG_NEG3,preferred_negative_NEG3,10.65,103.5,2.55,NEG3,10.601650000000001,103.25,2.57855
P0410,NEG_NEG3,preferred_negative_NEG3,10.65,103.5,2.55,NEG3,10.601650000000001,103.25,2.6070999999999995
P0411,NEG_NEG3,preferred_negative_NEG3,10.65,103.5,2.55,NEG3,10.601650000000001,103.5,2.4929
P0412,NEG_NEG3,preferred_negative_NEG3,10.65,103.5,2.55,NEG3,10.601650000000001,103.5,2.5214499999999997
P0413,NEG_NEG3,preferred_negative_NEG3,10.65,103.5,2.55,NEG3,10.601650000000001,103.5,2.55
P0414,NEG_NEG3,preferred_negative_NEG3,10.65,103.5,2.55,NEG3,10.601650000000001,103.5,2.57855
P0415,NEG_NEG3,preferred_negative_NEG3,10.65,103.5,2.55,NEG3,10.601650000000001,103.5,2.6070999999999995
P0416,NEG_NEG3,preferred_negative_NEG3,10.65,103.5,2.55,NEG3,10.601650000000001,103.75,2.4929
P0417,NEG_NEG3,preferred_negative_NEG3,10.65,103.5,2.55,NEG3,10.601650000000001,103.75,2.5214499999999997
P0418,NEG_NEG3,preferred_negative_NEG3,10.65,103.5,2.55,NEG3,10.601650000000001,103.75,2.55
P0419,NEG_NEG3,preferred_negative_NEG3,10.65,103.5,2.55,NEG3,10.601650000000001,103.75,2.57855
P0420,NEG_NEG3,preferred_negative_NEG3,10.65,103.5,2.55,NEG3,10.601650000000001,103.75,2.6070999999999995
P0421,NEG_NEG3,preferred_negative_NEG3,10.65,103.5,2.55,NEG3,10.601650000000001,104.0,2.4929
P0422,NEG_NEG3,preferred_negative_NEG3,10.65,103.5,2.55,NEG3,10.601650000000001,104.0,2.5214499999999997
P0423,NEG_NEG3,preferred_negative_NEG3,10.65,103.5,2.55,NEG3,10.601650000000001,104.0,2.55
P0424,NEG_NEG3,preferred_negative_NEG3,10.65,103.5,2.55,NEG3,10.601650000000001,104.0,2.57855
P0425,NEG_NEG3,preferred_negative_NEG3,10.65,103.5,2.55,NEG3,10.601650000000001,104.0,2.6070999999999995
P0426,NEG_NEG3,preferred_negative_NEG3,10.65,103.5,2.55,NEG3,10.65,103.0,2.4929
P0427,NEG_NEG3,preferred_negative_NEG3,10.65,103.5,2.55,NEG3,10.65,103.0,2.5214499999999997
P0428,NEG_NEG3,preferred_negative_NEG3,10.65,103.5,2.55,NEG3,10.65,103.0,2.55
P0429,NEG_NEG3,preferred_negative_NEG3,10.65,103.5,2.55,NEG3,10.65,103.0,2.57855
P0430,NEG_NEG3,preferred_negative_NEG3,10.65,103.5,2.55,NEG3,10.65,103.0,2.6070999999999995
P0431,NEG_NEG3,preferred_negative_NEG3,10.65,103.5,2.55,NEG3,10.65,103.25,2.4929
P0432,NEG_NEG3,preferred_negative_NEG3,10.65,103.5,2.55,NEG3,10.65,103.25,2.5214499999999997
P0433,NEG_NEG3,preferred_negative_NEG3,10.65,103.5,2.55,NEG3,10.65,103.25,2.55
P0434,NEG_NEG3,preferred_negative_NEG3,10.65,103.5,2.55,NEG3,10.65,103.25,2.57855
P0435,NEG_NEG3,preferred_negative_NEG3,10.65,103.5,2.55,NEG3,10.65,103.25,2.6070999999999995
P0436,NEG_NEG3,preferred_negative_NEG3,10.65,103.5,2.55,NEG3,10.65,103.5,2.4929
P0437,NEG_NEG3,preferred_negative_NEG3,10.65,103.5,2.55,NEG3,10.65,103.5,2.5214499999999997
P0438,NEG_NEG3,preferred_negative_NEG3,10.65,103.5,2.55,NEG3,10.65,103.5,2.55
P0439,NEG_NEG3,preferred_negative_NEG3,10.65,103.5,2.55,NEG3,10.65,103.5,2.57855
P0440,NEG_NEG3,preferred_negative_NEG3,10.65,103.5,2.55,NEG3,10.65,103.5,2.6070999999999995
P0441,NEG_NEG3,preferred_negative_NEG3,10.65,103.5,2.55,NEG3,10.65,103.75,2.4929
P0442,NEG_NEG3,preferred_negative_NEG3,10.65,103.5,2.55,NEG3,10.65,103.75,2.5214499999999997
P0443,NEG_NEG3,preferred_negative_NEG3,10.65,103.5,2.55,NEG3,10.65,103.75,2.55
P0444,NEG_NEG3,preferred_negative_NEG3,10.65,103.5,2.55,NEG3,10.65,103.75,2.57855
P0445,NEG_NEG3,preferred_negative_NEG3,10.65,103.5,2.55,NEG3,10.65,103.75,2.6070999999999995
P0446,NEG_NEG3,preferred_negative_NEG3,10.65,103.5,2.55,NEG3,10.65,104.0,2.4929
P0447,NEG_NEG3,preferred_negative_NEG3,10.65,103.5,2.55,NEG3,10.65,104.0,2.5214499999999997
P0448,NEG_NEG3,preferred_negative_NEG3,10.65,103.5,2.55,NEG3,10.65,104.0,2.55
P0449,NEG_NEG3,preferred_negative_NEG3,10.65,103.5,2.55,NEG3,10.65,104.0,2.57855
P0450,NEG_NEG3,preferred_negative_NEG3,10.65,103.5,2.55,NEG3,10.65,104.0,2.6070999999999995
P0451,NEG_NEG3,preferred_negative_NEG3,10.65,103.5,2.55,NEG3,10.69835,103.0,2.4929
P0452,NEG_NEG3,preferred_negative_NEG3,10.65,103.5,2.55,NEG3,10.69835,103.0,2.5214499999999997
P0453,NEG_NEG3,preferred_negative_NEG3,10.65,103.5,2.55,NEG3,10.69835,103.0,2.55
P0454,NEG_NEG3,preferred_negative_NEG3,10.65,103.5,2.55,NEG3,10.69835,103.0,2.57855
P0455,NEG_NEG3,preferred_negative_NEG3,10.65,103.5,2.55,NEG3,10.69835,103.0,2.6070999999999995
P0456,NEG_NEG3,preferred_negative_NEG3,10.65,103.5,2.55,NEG3,10.69835,103.25,2.4929
P0457,NEG_NEG3,preferred_negative_NEG3,10.65,103.5,2.55,NEG3,10.69835,103.25,2.5214499999999997
P0458,NEG_NEG3,preferred_negative_NEG3,10.65,103.5,2.55,NEG3,10.69835,103.25,2.55
P0459,NEG_NEG3,preferred_negative_NEG3,10.65,103.5,2.55,NEG3,10.69835,103.25,2.57855
P0460,NEG_NEG3,preferred_negative_NEG3,10.65,103.5,2.55,NEG3,10.69835,103.25,2.6070999999999995
P0461,NEG_NEG3,preferred_negative_NEG3,10.65,103.5,2.55,NEG3,10.69835,103.5,2.4929
P0462,NEG_NEG3,preferred_negative_NEG3,10.65,103.5,2.55,NEG3,10.69835,103.5,2.5214499999999997
P0463,NEG_NEG3,preferred_negative_NEG3,10.65,103.5,2.55,NEG3,10.69835,103.5,2.55
P0464,NEG_NEG3,preferred_negative_NEG3,10.65,103.5,2.55,NEG3,10.69835,103.5,2.57855
P0465,NEG_NEG3,preferred_negative_NEG3,10.65,103.5,2.55,NEG3,10.69835,103.5,2.6070999999999995
P0466,NEG_NEG3,preferred_negative_NEG3,10.65,103.5,2.55,NEG3,10.69835,103.75,2.4929
P0467,NEG_NEG3,preferred_negative_NEG3,10.65,103.5,2.55,NEG3,10.69835,103.75,2.5214499999999997
P0468,NEG_NEG3,preferred_negative_NEG3,10.65,103.5,2.55,NEG3,10.69835,103.75,2.55
P0469,NEG_NEG3,preferred_negative_NEG3,10.65,103.5,2.55,NEG3,10.69835,103.75,2.57855
P0470,NEG_NEG3,preferred_negative_NEG3,10.65,103.5,2.55,NEG3,10.69835,103.75,2.6070999999999995
P0471,NEG_NEG3,preferred_negative_NEG3,10.65,103.5,2.55,NEG3,10.69835,104.0,2.4929
P0472,NEG_NEG3,preferred_negative_NEG3,10.65,103.5,2.55,NEG3,10.69835,104.0,2.5214499999999997
P0473,NEG_NEG3,preferred_negative_NEG3,10.65,103.5,2.55,NEG3,10.69835,104.0,2.55
P0474,NEG_NEG3,preferred_negative_NEG3,10.65,103.5,2.55,NEG3,10.69835,104.0,2.57855
P0475,NEG_NEG3,preferred_negative_NEG3,10.65,103.5,2.55,NEG3,10.69835,104.0,2.6070999999999995
P0476,NEG_NEG3,preferred_negative_NEG3,10.65,103.5,2.55,NEG3,10.746699999999999,103.0,2.4929
P0477,NEG_NEG3,preferred_negative_NEG3,10.65,103.5,2.55,NEG3,10.746699999999999,103.0,2.5214499999999997
P0478,NEG_NEG3,preferred_negative_NEG3,10.65,103.5,2.55,NEG3,10.746699999999999,103.0,2.55
P0479,NEG_NEG3,preferred_negative_NEG3,10.65,103.5,2.55,NEG3,10.746699999999999,103.0,2.57855
P0480,NEG_NEG3,preferred_negative_NEG3,10.65,103.5,2.55,NEG3,10.746699999999999,103.0,2.6070999999999995
P0481,NEG_NEG3,preferred_negative_NEG3,10.65,103.5,2.55,NEG3,10.746699999999999,103.25,2.4929
P0482,NEG_NEG3,preferred_negative_NEG3,10.65,103.5,2.55,NEG3,10.746699999999999,103.25,2.5214499999999997
P0483,NEG_NEG3,preferred_negative_NEG3,10.65,103.5,2.55,NEG3,10.746699999999999,103.25,2.55
P0484,NEG_NEG3,preferred_negative_NEG3,10.65,103.5,2.55,NEG3,10.746699999999999,103.25,2.57855
P0485,NEG_NEG3,preferred_negative_NEG3,10.65,103.5,2.55,NEG3,10.746699999999999,103.25,2.6070999999999995
P0486,NEG_NEG3,preferred_negative_NEG3,10.65,103.5,2.55,NEG3,10.746699999999999,103.5,2.4929
P0487,NEG_NEG3,preferred_negative_NEG3,10.65,103.5,2.55,NEG3,10.746699999999999,103.5,2.5214499999999997
P0488,NEG_NEG3,preferred_negative_NEG3,10.65,103.5,2.55,NEG3,10.746699999999999,103.5,2.55
P0489,NEG_NEG3,preferred_negative_NEG3,10.65,103.5,2.55,NEG3,10.746699999999999,103.5,2.57855
P0490,NEG_NEG3,preferred_negative_NEG3,10.65,103.5,2.55,NEG3,10.746699999999999,103.5,2.6070999999999995
P0491,NEG_NEG3,preferred_negative_NEG3,10.65,103.5,2.55,NEG3,10.746699999999999,103.75,2.4929
P0492,NEG_NEG3,preferred_negative_NEG3,10.65,103.5,2.55,NEG3,10.746699999999999,103.75,2.5214499999999997
P0493,NEG_NEG3,preferred_negative_NEG3,10.65,103.5,2.55,NEG3,10.746699999999999,103.75,2.55
P0494,NEG_NEG3,preferred_negative_NEG3,10.65,103.5,2.55,NEG3,10.746699999999999,103.75,2.57855
P0495,NEG_NEG3,preferred_negative_NEG3,10.65,103.5,2.55,NEG3,10.746699999999999,103.75,2.6070999999999995
P0496,NEG_NEG3,preferred_negative_NEG3,10.65,103.5,2.55,NEG3,10.746699999999999,104.0,2.4929
P0497,NEG_NEG3,preferred_negative_NEG3,10.65,103.5,2.55,NEG3,10.746699999999999,104.0,2.5214499999999997
P0498,NEG_NEG3,preferred_negative_NEG3,10.65,103.5,2.55,NEG3,10.746699999999999,104.0,2.55
P0499,NEG_NEG3,preferred_negative_NEG3,10.65,103.5,2.55,NEG3,10.746699999999999,104.0,2.57855
P0500,NEG_NEG3,preferred_negative_NEG3,10.65,103.5,2.55,NEG3,10.746699999999999,104.0,2.6070999999999995
